onset	duration	trial_type
6.5	2.219902672	controlYES
30	3.031951159	controlYES
52.5	1.28200177	controlYES
82	12	controlNO
110.5	12	controlNO
134	12	controlNO
161.5	12	controlNO
190	4.46986091	ah
215.5	3.407565741	ah
240	3.376296939	controlYES
267.5	5.125904796	controlYES
290	12	controlNO
311.5	12	ah
335	2.282548929	ah
360.5	3.906980357	controlNO
384	12	controlYES
409.5	2.907105999	controlYES
434	12	controlNO
458.5	6.657008671	controlNO
487	4.063787294	controlYES
