onset	duration	trial_type
6.5	4.907044417	controlYES
27	12	controlNO
53.5	12	controlNO
84	9.313735268	controlYES
111.5	12	controlNO
132	12	controlNO
159.5	2.001365422	controlYES
187	12	controlNO
207.5	3.782569457	controlYES
236	12	controlNO
258.5	3.594491594	controlYES
284	7.156995576	ah
310.5	3.125741993	controlYES
332	3.094454079	ah
352.5	3.999701646	controlYES
382	5.844516369	controlNO
412.5	6.720055211	controlYES
442	12	controlNO
471.5	2.407518315	ah
492	2.344417625	ah
